,experiment,step,pressure,temperature,mass,entropy,enthalpy,volume,Cp,viscosity,SiO2,TiO2,Al2O3,Fe2O3,FeO,MnO,MgO,CaO,Na2O,K2O,P2O5,Mg#,phaseID,phase,formula,structure,mass%,volume%,H2O
"(5000, 1300)",363f3d0a0b,0,5000.0,1300.0,99.39652,273.69309300000003,-1180334.225519,36.288896,148.82222099999998,2.024,50.7161,1.54935,15.0408,1.41106,8.86145,0.17405,7.736689999999999,11.4189,2.77676,0.144874,0.170026,0.6088082633181799,liquid_0,liquid,,,100.0,100.0,
"(5000, 1290)",363f3d0a0b,1,5000.0,1290.0,99.396821,272.74471,-1181826.757314,36.264431,148.823767,2.064,50.7159,1.54935,15.0407,1.41409,8.8587,0.17405,7.736669999999999,11.4189,2.77675,0.144874,0.170026,0.6088815658006196,liquid_0,liquid,,,100.00030282750343,99.93258268314362,
"(5000, 1280)",363f3d0a0b,2,5000.0,1280.0,99.397144,271.790261,-1183319.629,36.239981,148.825423,2.105,50.7157,1.54934,15.0407,1.4173200000000001,8.85575,0.174049,7.7366399999999995,11.4188,2.77674,0.144873,0.170025,0.6089599563985256,liquid_0,liquid,,,100.00062778857853,99.86520670124547,
"(5000, 1270)",363f3d0a0b,3,5000.0,1270.0,99.39748900000001,270.829668,-1184812.853136,36.215546,148.827193,2.146,50.7156,1.5493299999999999,15.0406,1.42079,8.8526,0.174049,7.736610000000001,11.4188,2.77673,0.144873,0.170024,0.6090437471689056,liquid_0,liquid,,,100.0009748832253,99.79787205430554,
"(5000, 1260)",363f3d0a0b,4,5000.0,1260.0,95.072783,258.18284900000003,-1133818.144966,34.645144,141.986583,2.227,50.6738,1.6059299999999999,15.5094,1.42771,8.94951,0.18196600000000002,7.263380000000001,11.1675,2.8915599999999997,0.15146300000000001,0.177759,0.5912870505944161,liquid_0,liquid,,,95.65001169055014,95.47037198376054,
"(5000, 1250)",363f3d0a0b,5,5000.0,1250.0,89.681273,242.74933,-1069902.798023,32.698457,133.484714,2.324,50.6454,1.67999,16.1285,1.4333,9.07403,0.192905,6.6533,10.795,3.04855,0.16056900000000002,0.188445,0.5665376284513407,liquid_0,liquid,,,90.22576746147652,90.10595692963489,
"(5000, 1240)",363f3d0a0b,6,5000.0,1240.0,82.48599200000001,222.517522,-982196.0292280001,30.060813,122.30428400000001,2.405,50.6254,1.79844,16.4708,1.46451,9.39202,0.209733,6.12997,10.3178,3.21263,0.173849,0.20488299999999998,0.5377707784964618,liquid_0,liquid,,,82.98680074513676,82.83749662706741,
"(5000, 1230)",363f3d0a0b,7,5000.0,1230.0,69.245858,186.04632800000002,-816081.031553,25.120566,102.037133,2.424,50.4545,2.10732,15.9526,1.59227,10.3762,0.24983400000000003,5.6973400000000005,9.74121,3.38196,0.202746,0.244058,0.4946318818625527,liquid_0,liquid,,,69.66628006694802,69.22383640439213,
"(5000, 1220)",363f3d0a0b,8,5000.0,1220.0,58.473975,156.411296,-681186.436538,21.094789000000002,85.60905100000001,2.423,50.1606,2.4664900000000003,15.2783,1.7346599999999999,11.3969,0.295858,5.23287,9.39354,3.51732,0.23439000000000002,0.289017,0.4500819775150963,liquid_0,liquid,,,58.82899622642724,58.130148131263084,
"(5000, 1210)",363f3d0a0b,9,5000.0,1210.0,50.411241,134.223075,-580438.2274399999,18.076905,73.355284,2.412,49.8031,2.8324,14.600999999999999,1.8736599999999999,12.4146,0.343177,4.8223199999999995,9.09158,3.6173599999999997,0.265559,0.33524299999999996,0.4091268667801166,liquid_0,liquid,,,50.71730982130964,49.81387419446433,
"(5000, 1200)",363f3d0a0b,10,5000.0,1200.0,44.130974,116.945171,-502110.092861,15.722509,62.238059,2.39,49.3836,3.20708,13.9169,2.01048,13.4386,0.392015,4.45629,8.830010000000001,3.6857800000000003,0.296279,0.38295100000000004,0.371503410647735,liquid_0,liquid,,,44.398912557502015,43.325950174951586,
"(5000, 1190)",363f3d0a0b,11,5000.0,1190.0,39.080456,103.053789,-439232.894123,13.826070999999999,54.818334,2.36,48.9011,3.59315,13.2215,2.14623,14.4784,0.442676,4.12764,8.605410000000001,3.72491,0.326567,0.43244099999999996,0.33695129745769414,liquid_0,liquid,,,39.31773064087153,38.10000447519814,
"(5000, 1180)",363f3d0a0b,12,5000.0,1180.0,34.914865,91.59852099999999,-387463.696863,12.259327,48.723625,2.319,48.3527,3.9933099999999997,12.5105,2.28183,15.5429,0.49549099999999996,3.8310000000000004,8.41578,3.7360900000000004,0.35637800000000003,0.48403500000000005,0.30524679852886966,liquid_0,liquid,,,35.12684850536015,33.782584623131,
"(5000, 1170)",363f3d0a0b,13,5000.0,1170.0,31.405191,81.950696,-343917.970199,10.937038000000001,43.609693,2.267,47.7334,4.41086,11.7793,2.41817,16.6414,0.550864,3.5621199999999997,8.26035,3.71973,0.385617,0.5381279999999999,0.2761788500707922,liquid_0,liquid,,,31.595865730510486,30.13880058517074,
"(5000, 1240)",363f3d0a0b,6,5000.0,1240.0,1.865743,4.654739,-25291.762826,0.7007760000000001,2.308507,,51.1036,0.0,31.314,0.0,0.0,0.0,0.0,13.9101,3.64025,0.03209,0.0,,feldspar_0,feldspar,K0Na0.32Ca0.68Al1.68Si2.32O8,,1.8770707465412269,1.9311031120924704,
"(5000, 1230)",363f3d0a0b,7,5000.0,1230.0,7.261446,18.09883,-98466.418607,2.733386,8.981122000000001,,51.9382,0.0,30.7497,0.0,0.0,0.0,0.0,13.2498,4.0208699999999995,0.0414281,0.0,,feldspar_0,feldspar,K0Na0.35Ca0.64Al1.64Si2.36O8,,7.3055334331624495,7.532293073892355,
"(5000, 1220)",363f3d0a0b,8,5000.0,1220.0,6.2793589999999995,15.632558,-85178.835878,2.36849,7.763078,,52.7198,0.0,30.2206,0.0,0.0,0.0,0.0,12.6309,4.37552,0.0531384,0.0,,feldspar_0,feldspar,K0Na0.38Ca0.61Al1.61Si2.39O8,,6.317483750940174,6.5267623462560005,
"(5000, 1210)",363f3d0a0b,9,5000.0,1210.0,4.7673879999999995,11.853021,-64692.263695,1.8017150000000002,5.891182,,53.4818,0.0,29.7043,0.0,0.0,0.0,0.0,12.0271,4.71995,0.0668289,0.0,,feldspar_0,feldspar,K0Na0.41Ca0.58Al1.58Si2.42O8,,4.796332909844328,4.964920949923635,
"(5000, 1200)",363f3d0a0b,10,5000.0,1200.0,3.765793,9.349563,-51119.421033,1.4258959999999998,4.6512970000000005,,54.2279,0.0,29.1982,0.0,0.0,0.0,0.0,11.4354,5.055630000000001,0.08288739999999999,0.0,,feldspar_0,feldspar,K0Na0.44Ca0.55Al1.55Si2.45O8,,3.788656785971984,3.929290105711675,
"(5000, 1190)",363f3d0a0b,11,5000.0,1190.0,3.071169,7.613484,-41705.241767,1.1650459999999998,3.7914849999999998,,54.9624,0.0,28.6992,0.0,0.0,0.0,0.0,10.8524,5.38422,0.101849,0.0,,feldspar_0,feldspar,K0.01Na0.47Ca0.52Al1.52Si2.48O8,,3.0898154180850597,3.2104751822706312,
"(5000, 1180)",363f3d0a0b,12,5000.0,1180.0,2.568605,6.3574839999999995,-34893.087635,0.976184,3.169445,,55.6888,0.0,28.2048,0.0,0.0,0.0,0.0,10.2751,5.70694,0.124418,0.0,,feldspar_0,feldspar,K0.01Na0.5Ca0.5Al1.5Si2.5O8,,2.5842001309502587,2.6900349903176997,
"(5000, 1170)",363f3d0a0b,13,5000.0,1170.0,2.19456,5.42265,-29822.179364999996,0.8355459999999999,2.706483,,56.4111,0.0,27.7122,0.0,0.0,0.0,0.0,9.7001,6.0250699999999995,0.151572,0.0,,feldspar_0,feldspar,K0.01Na0.52Ca0.47Al1.47Si2.53O8,,2.207884139203264,2.302483933377306,
"(5000, 1260)",363f3d0a0b,4,5000.0,1260.0,4.324319,10.467224,-54338.425017999994,1.340148,5.220345,,51.6378,0.305222,4.73634,1.17925,6.80319,0.0,18.1416,16.9442,0.252409,0.0,0.0,0.8261894293797925,clinopyroxene_0,clinopyroxene,Na0.02Ca0.66Fe{2+}0.21Mg0.99Fe{3+}0.03Ti0.01Al0.2Si1.88O6,cpx,4.350573843027905,3.692997439216668,
"(5000, 1250)",363f3d0a0b,5,5000.0,1250.0,5.392309,12.990219,-67661.634504,1.666841,6.483663,,51.1486,0.37395300000000004,5.21028,1.29764,6.9119,0.0,17.412,17.3654,0.280237,0.0,0.0,0.8178661870932357,clinopyroxene_0,clinopyroxene,Na0.02Ca0.68Fe{2+}0.21Mg0.95Fe{3+}0.04Ti0.01Al0.22Si1.87O6,cpx,5.425048080154114,4.593253539595142,
"(5000, 1240)",363f3d0a0b,6,5000.0,1240.0,5.330209,12.798314,-66641.690529,1.6428009999999997,6.39375,,50.7984,0.434933,5.5149099999999995,1.3904,7.38505,0.0,17.0832,17.0912,0.301861,0.0,0.0,0.804817395989972,clinopyroxene_0,clinopyroxene,Na0.02Ca0.67Fe{2+}0.23Mg0.93Fe{3+}0.04Ti0.01Al0.24Si1.86O6,cpx,5.3625710437347305,4.527007379888326,
"(5000, 1230)",363f3d0a0b,7,5000.0,1230.0,4.395479,10.553881,-54375.33674199999,1.3489010000000001,5.2782849999999994,,50.8275,0.44799700000000003,5.30422,1.40935,8.96607,0.0,17.7072,15.0398,0.297844,0.0,0.0,0.7787791381757065,clinopyroxene_0,clinopyroxene,Na0.02Ca0.59Fe{2+}0.28Mg0.97Fe{3+}0.04Ti0.01Al0.23Si1.86O6,cpx,4.422165886693015,3.7171177651698195,
"(5000, 1220)",363f3d0a0b,8,5000.0,1220.0,3.5047639999999998,8.467561,-42310.484966,1.067583,4.24795,,51.326,0.330297,4.641830000000001,1.2770700000000001,12.9277,0.0,20.4626,8.82841,0.20615300000000003,0.0,0.0,0.7383226289285455,clinopyroxene_0,clinopyroxene,Na0.01Ca0.35Fe{2+}0.4Mg1.12Fe{3+}0.04Ti0.01Al0.2Si1.88O6,cpx,3.526042964079628,2.941899913406018,
"(5000, 1210)",363f3d0a0b,9,5000.0,1210.0,2.521194,6.062263,-30189.887801,0.764746,3.041972,,51.0697,0.369508,4.59788,1.35457,13.8757,0.0,19.9189,8.59791,0.215896,0.0,0.0,0.7190131844222679,clinopyroxene_0,clinopyroxene,Na0.02Ca0.34Fe{2+}0.43Mg1.09Fe{3+}0.04Ti0.01Al0.2Si1.88O6,cpx,2.536501277911943,2.107382930580197,
"(5000, 1200)",363f3d0a0b,10,5000.0,1200.0,1.885603,4.512219,-22389.486355,0.569513,2.2647939999999998,,50.824,0.403648,4.54049,1.42842,14.8582,0.0,19.3918,8.32928,0.22412100000000001,0.0,0.0,0.6993785704248064,clinopyroxene_0,clinopyroxene,Na0.02Ca0.33Fe{2+}0.46Mg1.07Fe{3+}0.04Ti0.01Al0.2Si1.88O6,cpx,1.897051325338151,1.5693864040394065,
"(5000, 1190)",363f3d0a0b,11,5000.0,1190.0,1.458919,3.474122,-17171.863191,0.43872700000000003,1.7442540000000002,,50.5871,0.43206999999999995,4.46893,1.49892,15.8764,0.0,18.8672,8.03832,0.23104499999999997,0.0,0.0,0.6793166677054056,clinopyroxene_0,clinopyroxene,Na0.02Ca0.32Fe{2+}0.49Mg1.04Fe{3+}0.04Ti0.01Al0.2Si1.88O6,cpx,1.467776739064909,1.2089841476577299,
"(5000, 1180)",363f3d0a0b,12,5000.0,1180.0,1.160827,2.750443,-13538.942371000001,0.347537,1.381321,,50.3581,0.454196,4.38221,1.56615,16.930999999999997,0.0,18.3351,7.736339999999999,0.23683,0.0,0.0,0.6587464630700417,clinopyroxene_0,clinopyroxene,Na0.02Ca0.31Fe{2+}0.53Mg1.02Fe{3+}0.04Ti0.01Al0.19Si1.88O6,cpx,1.1678748913945882,0.9576951583206058,
"(5000, 1170)",363f3d0a0b,13,5000.0,1170.0,0.9468260000000001,2.231831,-10938.122505,0.282183,1.121183,,50.1368,0.469525,4.278919999999999,1.6299700000000001,18.0233,0.0,17.7881,7.43182,0.24160900000000002,0.0,0.0,0.6375870142133846,clinopyroxene_0,clinopyroxene,Na0.02Ca0.3Fe{2+}0.56Mg0.99Fe{3+}0.05Ti0.01Al0.19Si1.88O6,cpx,0.9525745971790563,0.7776015010211388,
"(5000, 1230)",363f3d0a0b,7,5000.0,1230.0,1.582747,3.8422970000000003,-19258.889015,0.48414300000000005,1.927291,,51.5965,0.286777,4.67235,1.19534,12.0127,0.0,21.0425,8.99915,0.194633,0.0,0.0,0.7574265106724526,clinopyroxene_1,clinopyroxene,Na0.01Ca0.35Fe{2+}0.37Mg1.14Fe{3+}0.03Ti0.01Al0.2Si1.88O6,cpx,1.592356553328024,1.3341353784915364,
"(5000, 1220)",363f3d0a0b,8,5000.0,1220.0,0.987915,2.360218,-12159.724863,0.302145,1.18078,,50.5087,0.547487,5.33785,1.53152,9.46388,0.0,17.0589,15.2264,0.32529,0.0,0.0,0.7626442571536628,clinopyroxene_1,clinopyroxene,Na0.02Ca0.6Fe{2+}0.29Mg0.94Fe{3+}0.04Ti0.02Al0.23Si1.86O6,cpx,0.9939130665741617,0.8326100634199508,
"(5000, 1210)",363f3d0a0b,9,5000.0,1210.0,0.774868,1.8417580000000002,-9492.030365,0.236197,0.9217299999999999,,50.18,0.6585840000000001,5.376180000000001,1.6594900000000001,9.91089,0.0,16.3976,15.4627,0.354574,0.0,0.0,0.7467858433211257,clinopyroxene_1,clinopyroxene,Na0.03Ca0.61Fe{2+}0.31Mg0.9Fe{3+}0.05Ti0.02Al0.23Si1.85O6,cpx,0.779572564512319,0.6508795417749825,
"(5000, 1200)",363f3d0a0b,10,5000.0,1200.0,0.629959,1.489529,-7681.468517,0.19139,0.745742,,49.841,0.782675,5.41637,1.79407,10.3212,0.0,15.7311,15.7279,0.385706,0.0,0.0,0.7309566501771538,clinopyroxene_1,clinopyroxene,Na0.03Ca0.63Fe{2+}0.32Mg0.87Fe{3+}0.05Ti0.02Al0.24Si1.85O6,cpx,0.633783758224131,0.5274065102448969,
"(5000, 1190)",363f3d0a0b,11,5000.0,1190.0,0.521771,1.2272,-6333.502988,0.157996,0.614662,,49.4914,0.920883,5.45561,1.93583,10.7071,0.0,15.0634,16.0071,0.41869399999999996,0.0,0.0,0.7149204294665616,clinopyroxene_1,clinopyroxene,Na0.03Ca0.64Fe{2+}0.33Mg0.84Fe{3+}0.05Ti0.03Al0.24Si1.84O6,cpx,0.5249389012814534,0.43538387059226047,
"(5000, 1180)",363f3d0a0b,12,5000.0,1180.0,0.43767799999999996,1.023901,-5288.64273,0.132088,0.513061,,49.1312,1.07384,5.491169999999999,2.08514,11.079,0.0,14.3969,16.2892,0.45353000000000004,0.0,0.0,0.6984659544672775,clinopyroxene_1,clinopyroxene,Na0.03Ca0.65Fe{2+}0.35Mg0.8Fe{3+}0.06Ti0.03Al0.24Si1.84O6,cpx,0.44033533568378447,0.3639901307551489,
"(5000, 1170)",363f3d0a0b,13,5000.0,1170.0,0.369927,0.860714,-4449.290773,0.11126,0.431487,,48.7615,1.24119,5.51963,2.24199,11.4471,0.0,13.7329,16.5655,0.490188,0.0,0.0,0.6813754479903624,clinopyroxene_1,clinopyroxene,Na0.04Ca0.67Fe{2+}0.36Mg0.77Fe{3+}0.06Ti0.04Al0.24Si1.83O6,cpx,0.37217298955738093,0.306595163435118,
"(5000, 1300)",363f3d0a0b,0,5000.0,1300.0,99.39652,,,,,,50.7161,1.54935,15.0408,1.41106,8.86145,0.17405,7.736689999999999,11.4189,2.77676,0.144874,0.170026,0.6088082633181799,,bulk,,,100.0,,
"(5000, 1290)",363f3d0a0b,1,5000.0,1290.0,99.396821,,,,,,50.7159,1.54935,15.0407,1.41409,8.8587,0.17405,7.736669999999999,11.4189,2.77675,0.144874,0.170026,0.6088815658006196,,bulk,,,100.00030282750343,,
"(5000, 1280)",363f3d0a0b,2,5000.0,1280.0,99.397144,,,,,,50.7157,1.54934,15.0407,1.4173200000000001,8.85575,0.174049,7.7366399999999995,11.4188,2.77674,0.144873,0.170025,0.6089599563985256,,bulk,,,100.00062778857853,,
"(5000, 1270)",363f3d0a0b,3,5000.0,1270.0,99.39748900000001,,,,,,50.7156,1.5493299999999999,15.0406,1.42079,8.8526,0.174049,7.736610000000001,11.4188,2.77673,0.144873,0.170024,0.6090437471689056,,bulk,,,100.0009748832253,,
"(5000, 1260)",363f3d0a0b,4,5000.0,1260.0,99.397102,,,,,,50.7158,1.54934,15.0407,1.4169,8.85614,0.174049,7.7366399999999995,11.4188,2.77674,0.144873,0.170025,0.6089494696283944,,bulk,,,100.00058553357805,,
"(5000, 1250)",363f3d0a0b,5,5000.0,1250.0,95.073582,,,,,,50.6739,1.60592,15.5093,1.42561,8.9514,0.18196400000000001,7.263510000000001,11.1676,2.89154,0.15146199999999999,0.177757,0.5912403441557307,,bulk,,,95.65081554163064,,
"(5000, 1240)",363f3d0a0b,6,5000.0,1240.0,89.681944,,,,,,50.6456,1.67999,16.1285,1.42964,9.07734,0.192904,6.65345,10.7951,3.04853,0.16056700000000002,0.188444,0.56645359994028,,bulk,,,90.22644253541272,,
"(5000, 1230)",363f3d0a0b,7,5000.0,1230.0,82.48553000000001,,,,,,50.6269,1.79845,16.4714,1.43474,9.41897,0.209734,6.13022,10.3182,3.2127,0.173851,0.204884,0.5370685922083681,,bulk,,,82.98633594013151,,
"(5000, 1220)",363f3d0a0b,8,5000.0,1220.0,69.246013,,,,,,50.4566,2.10733,15.9532,1.5513,10.4133,0.24983400000000003,5.69789,9.741719999999999,3.38202,0.202746,0.24405700000000002,0.4937638535902733,,bulk,,,69.66643600802122,,
"(5000, 1210)",363f3d0a0b,9,5000.0,1210.0,58.47469,,,,,,50.1626,2.46648,15.2788,1.6956900000000001,11.4323,0.295854,5.23345,9.39405,3.51736,0.234388,0.289014,0.4493419246710412,,bulk,,,58.82971556750679,,
"(5000, 1200)",363f3d0a0b,10,5000.0,1200.0,50.412328,,,,,,49.8051,2.83236,14.6015,1.83582,12.4489,0.34317,4.82294,9.0921,3.6173900000000003,0.265554,0.335235,0.4084911152191551,,bulk,,,50.71840342096484,,
"(5000, 1190)",363f3d0a0b,11,5000.0,1190.0,44.132315999999996,,,,,,49.3856,3.20701,13.9174,1.9729900000000002,13.4725,0.39200300000000005,4.45695,8.83054,3.6857900000000003,0.296272,0.382939,0.3709499048250156,,bulk,,,44.400262705374395,,
"(5000, 1180)",363f3d0a0b,12,5000.0,1180.0,39.081975,,,,,,48.9032,3.5930400000000002,13.2219,2.1084,14.5126,0.442659,4.12835,8.60597,3.7249199999999996,0.326556,0.432424,0.336462783102715,,bulk,,,39.319258863388775,,
"(5000, 1170)",363f3d0a0b,13,5000.0,1170.0,34.916503999999996,,,,,,48.3549,3.9931699999999997,12.511,2.24294,15.5779,0.495468,3.83176,8.41637,3.7361,0.356365,0.484012,0.3048120273703963,,bulk,,,35.128497456450184,,
"(5000, 1260)",363f3d0a0b,4,5000.0,1260.0,4.324319,,,,,,51.6378,0.305222,4.73634,1.17925,6.80319,0.0,18.1416,16.9442,0.252409,0.0,0.0,0.8261894293797925,,solid,,,4.350573843027905,,
"(5000, 1250)",363f3d0a0b,5,5000.0,1250.0,5.392309,,,,,,51.1486,0.37395300000000004,5.21028,1.29764,6.9119,0.0,17.412,17.3654,0.280237,0.0,0.0,0.8178661870932357,,solid,,,5.425048080154114,,
"(5000, 1240)",363f3d0a0b,6,5000.0,1240.0,7.195952,,,,,,50.8775,0.32216500000000003,12.204,1.0299,5.470280000000001,0.0,12.654000000000002,16.2664,1.16743,0.00832018,0.0,0.8048182959832999,,solid,,,7.239641790275958,,
"(5000, 1230)",363f3d0a0b,7,5000.0,1230.0,13.239672,,,,,,51.5286,0.183015,19.1845,0.610794,4.41274,0.0,8.394219999999999,13.3359,2.32744,0.0227217,0.0,0.7722552397007414,,solid,,,13.32005587318349,,
"(5000, 1220)",363f3d0a0b,8,5000.0,1220.0,10.772038,,,,,,52.0635,0.157675,19.6164,0.5559609999999999,5.07406,0.0,8.22213,11.6318,2.6475299999999997,0.030976,0.0,0.7428300319256257,,solid,,,10.837439781593964,,
"(5000, 1210)",363f3d0a0b,9,5000.0,1210.0,8.06345,,,,,,52.4103,0.178821,19.5165,0.583005,5.2909,0.0,7.803780000000001,11.2851,2.89217,0.0395115,0.0,0.7244536425372867,,solid,,,8.11240675226859,,
"(5000, 1200)",363f3d0a0b,10,5000.0,1200.0,6.2813550000000005,,,,,,52.7661,0.199666,19.4111,0.608726,5.4954,0.0,7.398910000000001,10.9335,3.13691,0.049692599999999996,0.0,0.7058812320932076,,solid,,,6.319491869534266,,
"(5000, 1190)",363f3d0a0b,11,5000.0,1190.0,5.051858999999999,,,,,,53.1338,0.219888,19.3011,0.6328090000000001,5.69077,0.0,7.00443,10.5721,3.3831800000000003,0.0619168,0.0,0.6869157372479194,,solid,,,5.082531058431421,,
"(5000, 1180)",363f3d0a0b,12,5000.0,1180.0,4.16711,,,,,,53.5151,0.239312,19.1829,0.6552859999999999,5.8801,0.0,6.61972,10.1995,3.6313699999999995,0.07669110000000001,0.0,0.6674160554315738,,solid,,,4.192410358028631,,
"(5000, 1170)",363f3d0a0b,13,5000.0,1170.0,3.511313,,,,,,53.9133,0.25737,19.0554,0.675723,6.06596,0.0,6.24336,9.81175,3.8824400000000003,0.0947319,0.0,0.6472259535061594,,solid,,,3.5326317259397007,,
"(5000, 1260)",363f3d0a0b,4,5000.0,1260.0,4.324319,,,,,,223.2983196582,224.618196952018,245.099642004478,250.199095185228,279.618258962838,279.618258962838,358.068324533238,431.340450533038,432.431947567509,432.431947567509,432.431947567509,0.6953688093778452,,cumulate,,,4.350573843027905,,
"(5000, 1250)",363f3d0a0b,5,5000.0,1250.0,9.716628,,,,,,275.8090561174,277.82552624487704,305.92096598139705,312.91824183215704,350.18934240925705,350.18934240925705,444.08022671725706,537.719829425857,539.23095392309,539.23095392309,539.23095392309,0.6932958622681995,,cumulate,,,9.775621923182019,,
"(5000, 1240)",363f3d0a0b,6,5000.0,1240.0,16.91258,,,,,,366.11204788,368.43033175607997,456.24972996407996,463.66084092887996,503.02471323543995,503.02471323543995,594.08228984344,711.13452345624,719.5352936996001,719.5951653155114,719.5951653155114,0.6779617557581799,,cumulate,,,17.015263713457976,,
"(5000, 1230)",363f3d0a0b,7,5000.0,1230.0,30.152251999999997,,,,,,682.2217626192,684.64482119028,938.64130867428,946.728020893848,1005.151251115128,1005.151251115128,1116.287970610968,1292.850912435768,1323.665454635448,1323.9662824907305,1323.9662824907305,0.664388508360945,,cumulate,,,30.33531958664146,,
"(5000, 1220)",363f3d0a0b,8,5000.0,1220.0,40.92429,,,,,,560.830000413,562.52848150465,773.8370877278501,779.8259207463681,834.4838878806481,834.4838878806481,923.0529846815881,1048.3511762899882,1076.8704700561282,1077.204144705216,1077.204144705216,0.6634965444362433,,cumulate,,,41.172759368235425,,
"(5000, 1210)",363f3d0a0b,9,5000.0,1210.0,48.98774,,,,,,422.607833535,424.04974772745,581.4200696524499,586.1211013197,628.7840089247,628.7840089247,691.7093987656999,782.7062383606999,806.0271065471999,806.3457055518749,806.3457055518749,0.6622685620035471,,cumulate,,,49.28516612050402,,
"(5000, 1200)",363f3d0a0b,10,5000.0,1200.0,55.269095,,,,,,331.44260606550006,332.69677909293006,454.62478913343006,458.4484132371601,492.9669715041601,492.9669715041601,539.4421518272101,608.11934671971,627.82339203276,628.1355288942331,628.1355288942331,0.6610855188126067,,cumulate,,,55.604657990038284,,
"(5000, 1190)",363f3d0a0b,11,5000.0,1190.0,60.320954,,,,,,268.4244657342,269.535308905992,367.041744650892,370.238606492823,398.987574134253,398.987574134253,434.372966869623,487.78172540352296,504.87307373514295,505.18586867847415,505.18586867847415,0.6599374052309157,,cumulate,,,60.687189048469705,,
"(5000, 1180)",363f3d0a0b,12,5000.0,1180.0,64.488064,,,,,,223.003308361,224.00054778932,303.93780220832,306.66845105178004,331.17147456278,331.17147456278,358.75657597198,401.25901441698,416.39133265768,416.710912907401,416.710912907401,0.6588221740883446,,cumulate,,,64.87959940649833,,
"(5000, 1170)",363f3d0a0b,13,5000.0,1170.0,67.999377,,,,,,189.30647116289998,190.21017778970997,257.11965152990996,259.49232648420895,280.79181068968893,280.79181068968893,302.71420182136893,337.16632714911896,350.79878919283897,351.1314225448237,351.1314225448237,0.6577351859348508,,cumulate,,,68.41223113243804,,
"(5000, 1300)",4689ca6fc3,0,5000.0,1300.0,99.399075,278.54429,-1179858.946275,36.775397999999996,149.410719,1.8659999999999999,50.4612,1.54156,14.9651,1.39953,8.82086,0.17314000000000002,7.69786,11.3615,2.7628,0.14416600000000002,0.169217,0.6087033384187475,liquid_0,liquid,,,100.0,100.0,0.503023
"(5000, 1290)",4689ca6fc3,1,5000.0,1290.0,99.399374,277.592169,-1181357.300154,36.746534999999994,149.40868700000001,1.905,50.4611,1.54156,14.9651,1.4025299999999998,8.81814,0.17314000000000002,7.697839999999999,11.3614,2.7627900000000003,0.14416600000000002,0.169216,0.6087761747712495,liquid_0,liquid,,,100.00030080762824,99.92151546531188,0.503021
"(5000, 1280)",4689ca6fc3,2,5000.0,1280.0,99.399695,276.633982,-1182855.954951,36.717695,149.406792,1.944,50.4609,1.54155,14.965,1.40574,8.81521,0.17313900000000002,7.6978100000000005,11.3614,2.7627900000000003,0.14416500000000002,0.169216,0.6088543928428843,liquid_0,liquid,,,100.00062374825922,99.84309347243503,0.50302
"(5000, 1270)",4689ca6fc3,3,5000.0,1270.0,99.400037,275.66965,-1184354.923381,36.68888,149.405038,1.984,50.4607,1.54155,14.965,1.40917,8.81209,0.17313900000000002,7.697780000000001,11.3614,2.76278,0.14416500000000002,0.169215,0.6089377660277681,liquid_0,liquid,,,100.00096781584737,99.76473945978776,0.5030180000000001
"(5000, 1260)",4689ca6fc3,4,5000.0,1260.0,99.400402,274.69909,-1185854.218688,36.660089,149.403427,2.024,50.4606,1.54154,14.9649,1.41283,8.808760000000001,0.17313800000000001,7.697760000000001,11.3613,2.76277,0.14416400000000001,0.169215,0.6090271485691128,liquid_0,liquid,,,100.00133502248387,99.68645070816093,0.503016
"(5000, 1250)",4689ca6fc3,5,5000.0,1250.0,99.400791,273.722219,-1187353.85467,36.631325,149.401964,2.065,50.4604,1.54154,14.9649,1.4167299999999998,8.80521,0.17313699999999999,7.69773,11.3613,2.76275,0.14416400000000001,0.169214,0.6091221972440327,liquid_0,liquid,,,100.00172637421426,99.60823537518208,0.5030140000000001
"(5000, 1240)",4689ca6fc3,6,5000.0,1240.0,94.353936,259.195473,-1127380.061249,34.799906,141.418074,2.142,50.3999,1.6046799999999999,15.5171,1.42451,8.93147,0.182398,7.15269,11.0292,2.89792,0.151875,0.178265,0.5880595794841994,liquid_0,liquid,,,94.92436021160158,94.62822400997538,0.52992
"(5000, 1230)",4689ca6fc3,7,5000.0,1230.0,89.47684,245.218333,-1069480.747149,33.034106,133.722955,2.222,50.3584,1.6684900000000003,16.0878,1.43039,9.05567,0.19234,6.59887,10.6592,3.04186,0.160153,0.18798199999999998,0.5650171222132766,liquid_0,liquid,,,90.01777934050192,89.82664443223702,0.558804
"(5000, 1220)",4689ca6fc3,8,5000.0,1220.0,85.115578,232.707235,-1017865.7737110001,31.456924,126.859343,2.3040000000000003,50.3398,1.72753,16.6323,1.43426,9.16613,0.20219600000000001,6.07764,10.2833,3.18341,0.16835899999999998,0.197614,0.5416888202712882,liquid_0,liquid,,,85.63015098480544,85.5379566524338,0.587437
"(5000, 1210)",4689ca6fc3,9,5000.0,1210.0,81.199697,221.460092,-971676.504049,30.042578000000002,120.712452,2.387,50.3432,1.7814599999999998,17.1507,1.43628,9.262360000000001,0.21194699999999997,5.5873099999999996,9.90509,3.32235,0.176478,0.207144,0.5181373144650439,liquid_0,liquid,,,81.69059621530683,81.69205401937461,0.615766
"(5000, 1200)",4689ca6fc3,10,5000.0,1200.0,77.438865,210.703056,-927115.723936,28.681034000000004,111.850445,2.468,50.3667,1.8355299999999999,17.605,1.44018,9.3704,0.22224000000000002,5.13804,9.514619999999999,3.4593800000000003,0.184971,0.217204,0.4942897293342266,liquid_0,liquid,,,77.90702780684832,77.98973106966784,0.645671
"(5000, 1190)",4689ca6fc3,11,5000.0,1190.0,71.071572,193.052343,-847642.8642289999,26.313411,102.28885600000001,2.503,50.3733,1.96681,17.5049,1.49251,9.83715,0.24215,4.87003,8.97371,3.5990800000000003,0.200188,0.236663,0.468784671790646,liquid_0,liquid,,,71.50124083146649,71.55166886297192,0.703516
"(5000, 1180)",4689ca6fc3,12,5000.0,1180.0,64.814779,175.788326,-769623.915597,23.986833999999998,92.940058,2.529,50.3317,2.13148,17.2966,1.55426,10.2903,0.26552600000000004,4.5288,8.61244,3.7402699999999998,0.21768600000000002,0.259509,0.4396204268415406,liquid_0,liquid,,,65.20662189260817,65.22521931645716,0.771429
"(5000, 1240)",4689ca6fc3,6,5000.0,1240.0,5.046392,12.116076,-63624.550912,1.563146,6.073555000000001,,51.5955,0.361092,4.64036,1.17983,6.5277,0.0,17.8891,17.5707,0.23571399999999998,0.0,0.0,0.83007782922515,clinopyroxene_0,clinopyroxene,Na0.02Ca0.69Fe{2+}0.2Mg0.97Fe{3+}0.03Ti0.01Al0.2Si1.88O6,cpx,5.076900363509419,4.250520959691586,0.0
"(5000, 1230)",4689ca6fc3,7,5000.0,1230.0,4.87793,11.660432,-61406.405865,1.5072729999999999,5.85104,,51.1625,0.434037,5.04737,1.28259,6.6837100000000005,0.0,17.3139,17.8186,0.257194,0.0,0.0,0.8219885292590738,clinopyroxene_0,clinopyroxene,Na0.02Ca0.7Fe{2+}0.2Mg0.94Fe{3+}0.04Ti0.01Al0.22Si1.87O6,cpx,4.907419913112874,4.098590584933983,0.0
"(5000, 1220)",4689ca6fc3,8,5000.0,1220.0,4.362408,10.383784,-54820.713663999995,1.344549,5.215678,,50.7205,0.5162220000000001,5.46114,1.38828,6.86942,0.0,16.7709,17.9942,0.279331,0.0,0.0,0.813149719034969,clinopyroxene_0,clinopyroxene,Na0.02Ca0.71Fe{2+}0.21Mg0.92Fe{3+}0.04Ti0.01Al0.24Si1.86O6,cpx,4.388781283930459,3.6561099896186033,0.0
"(5000, 1210)",4689ca6fc3,9,5000.0,1210.0,3.917296,9.285141000000001,-49132.491707,1.20417,4.66846,,50.265,0.609071,5.88307,1.49774,7.07492,0.0,16.2436,18.1242,0.302345,0.0,0.0,0.8036373450623644,clinopyroxene_0,clinopyroxene,Na0.02Ca0.71Fe{2+}0.22Mg0.89Fe{3+}0.04Ti0.02Al0.25Si1.85O6,cpx,3.9409783239934577,3.2743901235276915,0.0
"(5000, 1200)",4689ca6fc3,10,5000.0,1200.0,3.540026,8.357025,-44299.851905,1.085216,4.206011,,49.8193,0.709928,6.28301,1.6059,7.3304100000000005,0.0,15.7681,18.158,0.325312,0.0,0.0,0.7931468864250747,clinopyroxene_0,clinopyroxene,Na0.02Ca0.72Fe{2+}0.23Mg0.87Fe{3+}0.04Ti0.02Al0.27Si1.83O6,cpx,3.5614275082539755,2.950929314211637,0.0
"(5000, 1190)",4689ca6fc3,11,5000.0,1190.0,3.218715,7.588375,-40028.427267,0.983759,3.824732,,49.7903,0.73252,6.20716,1.6193899999999999,8.29987,0.0,16.0871,16.9354,0.328346,0.0,0.0,0.7755326605260886,clinopyroxene_0,clinopyroxene,Na0.02Ca0.67Fe{2+}0.26Mg0.88Fe{3+}0.04Ti0.02Al0.27Si1.83O6,cpx,3.2381739970920256,2.6750465079942853,0.0
"(5000, 1180)",4689ca6fc3,12,5000.0,1180.0,1.630539,3.891283,-19621.709880000002,0.494134,1.970807,,50.9059,0.386273,5.1151800000000005,1.30094,13.9524,0.0,20.6786,7.484839999999999,0.175826,0.0,0.0,0.7254163544490866,clinopyroxene_0,clinopyroxene,Na0.01Ca0.29Fe{2+}0.43Mg1.13Fe{3+}0.04Ti0.01Al0.22Si1.87O6,cpx,1.6403965529860316,1.3436537111032762,0.0
"(5000, 1180)",4689ca6fc3,12,5000.0,1180.0,1.194687,2.805903,-14797.347295,0.364076,1.41573,,49.5196,0.840282,6.28795,1.70228,8.79018,0.0,15.8082,16.7076,0.34383800000000003,0.0,0.0,0.7622283871994691,clinopyroxene_1,clinopyroxene,Na0.02Ca0.66Fe{2+}0.27Mg0.87Fe{3+}0.05Ti0.02Al0.27Si1.83O6,cpx,1.2019095751142554,0.9899988030041171,0.0
"(5000, 1200)",4689ca6fc3,10,5000.0,1200.0,0.22239,0.546265,-3027.278851,0.083263,0.274071,,50.3426,0.0,31.8277,0.0,0.0,0.0,0.0,14.5115,3.2911599999999996,0.027093799999999998,0.0,,feldspar_0,feldspar,K0Na0.29Ca0.71Al1.71Si2.29O8,,0.22373447640232066,0.22640951431715303,0.0
"(5000, 1190)",4689ca6fc3,11,5000.0,1190.0,3.150338,7.722427000000001,-42908.675945999996,1.1808100000000001,3.880011,,50.8115,0.0,31.5111,0.0,0.0,0.0,0.0,14.1408,3.50601,0.030583600000000002,0.0,,feldspar_0,feldspar,K0Na0.31Ca0.69Al1.69Si2.31O8,,3.1693836185095283,3.2108693969811024,0.0
"(5000, 1180)",4689ca6fc3,12,5000.0,1180.0,3.432382,8.394694,-46779.028027,1.287734,4.22454,,51.2196,0.0,31.2353,0.0,0.0,0.0,0.0,13.8181,3.69251,0.034499800000000004,0.0,,feldspar_0,feldspar,K0Na0.33Ca0.67Al1.67Si2.33O8,,3.4531327379052574,3.5016181198093363,0.0
"(5000, 1300)",4689ca6fc3,0,5000.0,1300.0,99.399075,,,,,,50.4612,1.54156,14.9651,1.39953,8.82086,0.17314000000000002,7.69786,11.3615,2.7628,0.14416600000000002,0.169217,0.6087033384187475,,bulk,,,100.0,,0.503023
"(5000, 1290)",4689ca6fc3,1,5000.0,1290.0,99.399374,,,,,,50.4611,1.54156,14.9651,1.4025299999999998,8.81814,0.17314000000000002,7.697839999999999,11.3614,2.7627900000000003,0.14416600000000002,0.169216,0.6087761747712495,,bulk,,,100.00030080762824,,0.503021
"(5000, 1280)",4689ca6fc3,2,5000.0,1280.0,99.399695,,,,,,50.4609,1.54155,14.965,1.40574,8.81521,0.17313900000000002,7.6978100000000005,11.3614,2.7627900000000003,0.14416500000000002,0.169216,0.6088543928428843,,bulk,,,100.00062374825922,,0.50302
"(5000, 1270)",4689ca6fc3,3,5000.0,1270.0,99.400037,,,,,,50.4607,1.54155,14.965,1.40917,8.81209,0.17313900000000002,7.697780000000001,11.3614,2.76278,0.14416500000000002,0.169215,0.6089377660277681,,bulk,,,100.00096781584737,,0.5030180000000001
"(5000, 1260)",4689ca6fc3,4,5000.0,1260.0,99.400402,,,,,,50.4606,1.54154,14.9649,1.41283,8.808760000000001,0.17313800000000001,7.697760000000001,11.3613,2.76277,0.14416400000000001,0.169215,0.6090271485691128,,bulk,,,100.00133502248387,,0.503016
"(5000, 1250)",4689ca6fc3,5,5000.0,1250.0,99.400791,,,,,,50.4604,1.54154,14.9649,1.4167299999999998,8.80521,0.17313699999999999,7.69773,11.3613,2.76275,0.14416400000000001,0.169214,0.6091221972440327,,bulk,,,100.00172637421426,,0.5030140000000001
"(5000, 1240)",4689ca6fc3,6,5000.0,1240.0,99.400328,,,,,,50.4606,1.54154,14.9649,1.41209,8.809439999999999,0.17313800000000001,7.697760000000001,11.3613,2.76277,0.14416500000000002,0.169215,0.609008767774512,,bulk,,,100.00126057511099,,0.503016
"(5000, 1230)",4689ca6fc3,7,5000.0,1230.0,94.35477,,,,,,50.4,1.60467,15.517000000000001,1.42275,8.93304,0.182397,7.152819999999999,11.0293,2.8979,0.151874,0.178263,0.5880214028375312,,bulk,,,94.92519925361479,,0.5299149999999999
"(5000, 1220)",4689ca6fc3,8,5000.0,1220.0,89.477986,,,,,,50.3584,1.6684700000000001,16.0877,1.43202,9.054160000000001,0.192338,6.59898,10.6593,3.04183,0.160151,0.187979,0.565062203688007,,bulk,,,90.01893226873591,,0.558797
"(5000, 1210)",4689ca6fc3,9,5000.0,1210.0,85.11699200000001,,,,,,50.3396,1.7275,16.6321,1.4391100000000001,9.16169,0.202192,6.07774,10.2834,3.18336,0.168357,0.19760999999999998,0.5418131877615395,,bulk,,,85.63157353325472,,0.587427
"(5000, 1200)",4689ca6fc3,10,5000.0,1200.0,81.20128100000001,,,,,,50.3428,1.7814299999999998,17.1504,1.44346,9.2558,0.21194200000000002,5.5874,9.90512,3.32229,0.176475,0.20714000000000002,0.5183182240997124,,bulk,,,81.6921897915046,,0.615754
"(5000, 1190)",4689ca6fc3,11,5000.0,1190.0,77.440625,,,,,,50.3669,1.8355,17.6051,1.43707,9.37307,0.222235,5.13813,9.51483,3.45935,0.184968,0.21719899999999998,0.4942228924129796,,bulk,,,77.90879844706804,,0.645656
"(5000, 1180)",4689ca6fc3,12,5000.0,1180.0,71.072387,,,,,,50.3741,1.9668,17.5052,1.47587,9.85213,0.24214699999999997,4.8702,8.97405,3.5990900000000003,0.200186,0.23665999999999998,0.4684144542780434,,bulk,,,71.50206075861371,,0.703508
"(5000, 1240)",4689ca6fc3,6,5000.0,1240.0,5.046392,,,,,,51.5955,0.361092,4.64036,1.17983,6.5277,0.0,17.8891,17.5707,0.23571399999999998,0.0,0.0,0.83007782922515,,solid,,,5.076900363509419,,0.0
"(5000, 1230)",4689ca6fc3,7,5000.0,1230.0,4.87793,,,,,,51.1625,0.434037,5.04737,1.28259,6.6837100000000005,0.0,17.3139,17.8186,0.257194,0.0,0.0,0.8219885292590738,,solid,,,4.907419913112874,,0.0
"(5000, 1220)",4689ca6fc3,8,5000.0,1220.0,4.362408,,,,,,50.7205,0.5162220000000001,5.46114,1.38828,6.86942,0.0,16.7709,17.9942,0.279331,0.0,0.0,0.813149719034969,,solid,,,4.388781283930459,,0.0
"(5000, 1210)",4689ca6fc3,9,5000.0,1210.0,3.917296,,,,,,50.265,0.609071,5.88307,1.49774,7.07492,0.0,16.2436,18.1242,0.302345,0.0,0.0,0.8036373450623644,,solid,,,3.9409783239934577,,0.0
"(5000, 1200)",4689ca6fc3,10,5000.0,1200.0,3.7624160000000004,,,,,,49.8502,0.6679649999999999,7.792910000000001,1.5109700000000001,6.89712,0.0,14.8361,17.9425,0.500618,0.00160146,0.0,0.7931472151880288,,solid,,,3.785161984656296,,0.0
"(5000, 1190)",4689ca6fc3,11,5000.0,1190.0,6.369052,,,,,,50.2954,0.370192,18.7233,0.818385,4.19449,0.0,8.1299,15.5531,1.90012,0.015127600000000001,0.0,0.7755324877629763,,solid,,,6.407556609555974,,0.0
"(5000, 1180)",4689ca6fc3,12,5000.0,1180.0,6.257608,,,,,,50.8133,0.261075,19.6663,0.663978,5.31377,0.0,8.40628,12.7195,2.13685,0.0189236,0.0,0.7382165368209259,,solid,,,6.2954388660055445,,0.0
"(5000, 1240)",4689ca6fc3,6,5000.0,1240.0,5.046392,,,,,,260.371118436,262.193330216064,285.610405797184,291.564290470544,324.505623528944,324.505623528944,414.781034656144,503.449674570544,504.639179814432,504.639179814432,504.639179814432,0.6949766491958975,,cumulate,,,5.076900363509419,,504.639179814432
"(5000, 1230)",4689ca6fc3,7,5000.0,1230.0,9.924322,,,,,,249.567093625,251.68429572841,276.30501327251,282.56139751121,315.16406703151,315.16406703151,399.62005925851,486.53794275651,487.79251708493,487.79251708493,487.79251708493,0.6932723957149096,,cumulate,,,9.984320276622292,,487.79251708493
"(5000, 1220)",4689ca6fc3,8,5000.0,1220.0,14.28673,,,,,,221.26351496400002,223.51548594657604,247.33920677169604,253.39545054993604,283.362663313296,283.362663313296,356.52417164049604,435.02221367409607,436.2407694631441,436.2407694631441,436.2407694631441,0.691622689319163,,cumulate,,,14.373101560552753,,436.2407694631441
"(5000, 1210)",4689ca6fc3,9,5000.0,1210.0,18.204026,,,,,,196.90288344,199.288794832016,222.33452141073602,228.20161232177603,255.91616813809603,255.91616813809603,319.54715744369605,390.5450136068961,391.7293884660161,391.7293884660161,391.7293884660161,0.6899952220970242,,cumulate,,,18.31407988454621,,391.7293884660161
"(5000, 1200)",4689ca6fc3,10,5000.0,1200.0,21.966442,,,,,,187.55719008320003,190.07035228664003,219.39052155720003,225.07541926072003,251.02525390264003,251.02525390264003,306.84483392024003,374.35198300024,376.235516173328,376.24154153205535,376.24154153205535,0.6854280420259073,,cumulate,,,22.09924186920251,,376.24154153205535
"(5000, 1190)",4689ca6fc3,11,5000.0,1190.0,28.335494,,,,,,320.3340179608,322.691790058784,441.941461370384,447.15379799140396,473.86872291488396,473.86872291488396,525.648478769684,624.706981430884,636.8089445171239,636.9052929881591,636.9052929881591,0.6641279171944829,,cumulate,,,28.506798478758483,,636.9052929881591
"(5000, 1180)",4689ca6fc3,12,5000.0,1180.0,34.593102,,,,,,317.9697125864,319.603417595,442.6674138054,446.82232785002395,480.07381751218395,480.07381751218395,532.677022490424,612.270667446424,625.642237101224,625.7606535719729,625.7606535719729,0.6641888170500048,,cumulate,,,34.80223734476402,,625.7606535719729
